{
  "$schema": "http://json-schema.org/draft-04/schema#", 
  "definitions": {}, 
  "id": "http://example.com/example.json", 
  "properties": {
    "account-request": {
      "id": "/properties/send-account-request", 
      "properties": {
        "account": {
          "id": "/properties/send-account-request/properties/account", 
          "properties": {
            "AccountName": {
              "default": "voluptate ex", 
              "description": "An explanation about the purpose of this instance.", 
              "id": "/properties/send-account-request/properties/account/properties/AccountName", 
              "title": "The accountname schema", 
              "type": "string"
            }, 
            "BusinessId": {
              "default": "in consequat dolore adipisicing velit", 
              "description": "An explanation about the purpose of this instance.", 
              "id": "/properties/send-account-request/properties/account/properties/BusinessId", 
              "title": "The businessid schema", 
              "type": "string"
            }, 
            "BusinessPhone": {
              "default": "fugiat", 
              "description": "An explanation about the purpose of this instance.", 
              "id": "/properties/send-account-request/properties/account/properties/BusinessPhone", 
              "title": "The businessphone schema", 
              "type": "string"
            }, 
            "BusinessPhoneValid": {
              "default": false, 
              "description": "An explanation about the purpose of this instance.", 
              "id": "/properties/send-account-request/properties/account/properties/BusinessPhoneValid", 
              "title": "The businessphonevalid schema", 
              "type": "boolean"
            }, 
            "BusinessPhoneValidatedBy": {
              "default": "sed culpa adipisicing amet qui", 
              "description": "An explanation about the purpose of this instance.", 
              "id": "/properties/send-account-request/properties/account/properties/BusinessPhoneValidatedBy", 
              "title": "The businessphonevalidatedby schema", 
              "type": "string"
            }, 
            "EmailAddress": {
              "default": "in laboris cupidatat irure Excepteur", 
              "description": "An explanation about the purpose of this instance.", 
              "id": "/properties/send-account-request/properties/account/properties/EmailAddress", 
              "title": "The emailaddress schema", 
              "type": "string"
            }, 
            "EmailAddressValid": {
              "default": false, 
              "description": "An explanation about the purpose of this instance.", 
              "id": "/properties/send-account-request/properties/account/properties/EmailAddressValid", 
              "title": "The emailaddressvalid schema", 
              "type": "boolean"
            }, 
            "EmailAddressValidatedBy": {
              "default": "proident in adipisicing laborum aute", 
              "description": "An explanation about the purpose of this instance.", 
              "id": "/properties/send-account-request/properties/account/properties/EmailAddressValidatedBy", 
              "title": "The emailaddressvalidatedby schema", 
              "type": "string"
            }, 
            "ExternalEntityId": {
              "default": "amet exerci", 
              "description": "An explanation about the purpose of this instance.", 
              "id": "/properties/send-account-request/properties/account/properties/ExternalEntityID", 
              "title": "The externalentityid schema", 
              "type": "string"
            }, 
            "ExternalId": {
              "default": "elit ad ", 
              "description": "An explanation about the purpose of this instance.", 
              "id": "/properties/send-account-request/properties/account/properties/ExternalID", 
              "title": "The externalid schema", 
              "type": "string"
            }, 
            "ExternalLegacyId": {
              "default": "aliqua Duis nostrud veniam", 
              "description": "An explanation about the purpose of this instance.", 
              "id": "/properties/send-account-request/properties/account/properties/ExternalLegacyID", 
              "title": "The externallegacyid schema", 
              "type": "string"
            }, 
            "FirstName": {
              "default": "sed et in ipsum cillum", 
              "description": "An explanation about the purpose of this instance.", 
              "id": "/properties/send-account-request/properties/account/properties/FirstName", 
              "title": "The firstname schema", 
              "type": "string"
            }, 
            "LastName": {
              "default": "consectetur cillum sint", 
              "description": "An explanation about the purpose of this instance.", 
              "id": "/properties/send-account-request/properties/account/properties/LastName", 
              "title": "The lastname schema", 
              "type": "string"
            }, 
            "MobilePhone": {
              "default": "esse nostrud Ut id Duis", 
              "description": "An explanation about the purpose of this instance.", 
              "id": "/properties/send-account-request/properties/account/properties/MobilePhone", 
              "title": "The mobilephone schema", 
              "type": "string"
            }, 
            "MobilePhoneValid": {
              "default": true, 
              "description": "An explanation about the purpose of this instance.", 
              "id": "/properties/send-account-request/properties/account/properties/MobilePhoneValid", 
              "title": "The mobilephonevalid schema", 
              "type": "boolean"
            }, 
            "MobilePhoneValidatedBy": {
              "default": "consectetur enim sunt nisi consequat", 
              "description": "An explanation about the purpose of this instance.", 
              "id": "/properties/send-account-request/properties/account/properties/MobilePhoneValidatedBy", 
              "title": "The mobilephonevalidatedby schema", 
              "type": "string"
            }, 
            "RecordType": {
              "default": "labore voluptate co", 
              "description": "An explanation about the purpose of this instance.", 
              "id": "/properties/send-account-request/properties/account/properties/RecordType", 
              "title": "The recordtype schema", 
              "type": "string"
            }, 
            "Salutation": {
              "default": "consequat in commodo", 
              "description": "An explanation about the purpose of this instance.", 
              "id": "/properties/send-account-request/properties/account/properties/Salutation", 
              "title": "The salutation schema", 
              "type": "string"
            }, 
            "SourceSystem": {
              "default": "sit ad esse", 
              "description": "An explanation about the purpose of this instance.", 
              "id": "/properties/send-account-request/properties/account/properties/SourceSystem", 
              "title": "The sourcesystem schema", 
              "type": "string"
            }, 
            "StandardAddressCity": {
              "default": "ad", 
              "description": "An explanation about the purpose of this instance.", 
              "id": "/properties/send-account-request/properties/account/properties/StandardAddressCity", 
              "title": "The standardaddresscity schema", 
              "type": "string"
            }, 
            "StandardAddressCountry": {
              "default": "tempor sed in eu", 
              "description": "An explanation about the purpose of this instance.", 
              "id": "/properties/send-account-request/properties/account/properties/StandardAddressCountry", 
              "title": "The standardaddresscountry schema", 
              "type": "string"
            }, 
            "StandardAddressDPID": {
              "default": "tempor deserunt Duis non cupidatat", 
              "description": "An explanation about the purpose of this instance.", 
              "id": "/properties/send-account-request/properties/account/properties/StandardAddressDPID", 
              "title": "The standardaddressdpid schema", 
              "type": "string"
            }, 
            "StandardAddressPostcode": {
              "default": "in", 
              "description": "An explanation about the purpose of this instance.", 
              "id": "/properties/send-account-request/properties/account/properties/StandardAddressPostcode", 
              "title": "The standardaddresspostcode schema", 
              "type": "string"
            }, 
            "StandardAddressState": {
              "default": "qui reprehenderit culpa Lorem", 
              "description": "An explanation about the purpose of this instance.", 
              "id": "/properties/send-account-request/properties/account/properties/StandardAddressState", 
              "title": "The standardaddressstate schema", 
              "type": "string"
            }, 
            "StandardAddressStreet": {
              "default": "irure", 
              "description": "An explanation about the purpose of this instance.", 
              "id": "/properties/send-account-request/properties/account/properties/StandardAddressStreet", 
              "title": "The standardaddressstreet schema", 
              "type": "string"
            }, 
            "StandardAddressValid": {
              "default": false, 
              "description": "An explanation about the purpose of this instance.", 
              "id": "/properties/send-account-request/properties/account/properties/StandardAddressValid", 
              "title": "The standardaddressvalid schema", 
              "type": "boolean"
            }, 
            "StandardAddressValidatedBy": {
              "default": "sint deserunt", 
              "description": "An explanation about the purpose of this instance.", 
              "id": "/properties/send-account-request/properties/account/properties/StandardAddressValidatedBy", 
              "title": "The standardaddressvalidatedby schema", 
              "type": "string"
            }, 
            "AccountStatus": {
              "default": "consequat", 
              "description": "An explanation about the purpose of this instance.", 
              "id": "/properties/send-account-request/properties/account/properties/Status", 
              "title": "The status schema", 
              "type": "string"
            }
          }, 
          "type": "object"
        }
      }, 
      "type": "object"
    }
  }, 
  "type": "object"
}